BEGIN;

INSERT INTO SIGNON VALUES
('user3', 'password3'),
('user4', 'password4'),
('user5', 'password5'),
('user6', 'password6'),
('user7', 'password7'),
('user8', 'password8'),
('user9', 'password9'),
('user10', 'password10'),
('user11', 'password11'),
('user12', 'password12'),
('user13', 'password13'),
('user14', 'password14'),
('user15', 'password15'),
('user16', 'password16'),
('user17', 'password17'),
('user18', 'password18'),
('user19', 'password19'),
('user20', 'password20'),
('user21', 'password21'),
('user22', 'password22'),
('user23', 'password23'),
('user24', 'password24'),
('user25', 'password25'),
('user26', 'password26'),
('user27', 'password27'),
('user28', 'password28'),
('user29', 'password29'),
('user30', 'password30'),
('user31', 'password31'),
('user32', 'password32'),
('user33', 'password33'),
('user34', 'password34'),
('user35', 'password35'),
('user36', 'password36'),
('user37', 'password37'),
('user38', 'password38'),
('user39', 'password39'),
('user40', 'password40'),
('user41', 'password41'),
('user42', 'password42'),
('user43', 'password43'),
('user44', 'password44'),
('user45', 'password45'),
('user46', 'password46'),
('user47', 'password47'),
('user48', 'password48'),
('user49', 'password49'),
('user50', 'password50'),
('user51', 'password51'),
('user52', 'password52'),
('user53', 'password53'),
('user54', 'password54'),
('user55', 'password55'),
('user56', 'password56'),
('user57', 'password57'),
('user58', 'password58'),
('user59', 'password59'),
('user60', 'password60'),
('user61', 'password61'),
('user62', 'password62'),
('user63', 'password63'),
('user64', 'password64'),
('user65', 'password65'),
('user66', 'password66'),
('user67', 'password67'),
('user68', 'password68'),
('user69', 'password69'),
('user70', 'password70'),
('user71', 'password71'),
('user72', 'password72'),
('user73', 'password73'),
('user74', 'password74'),
('user75', 'password75'),
('user76', 'password76'),
('user77', 'password77'),
('user78', 'password78'),
('user79', 'password79'),
('user80', 'password80'),
('user81', 'password81'),
('user82', 'password82'),
('user83', 'password83'),
('user84', 'password84'),
('user85', 'password85'),
('user86', 'password86'),
('user87', 'password87'),
('user88', 'password88'),
('user89', 'password89'),
('user90', 'password90'),
('user91', 'password91'),
('user92', 'password92'),
('user93', 'password93'),
('user94', 'password94'),
('user95', 'password95'),
('user96', 'password96'),
('user97', 'password97'),
('user98', 'password98'),
('user99', 'password99'),
('user100', 'password100');

INSERT INTO ACCOUNT VALUES
('user3', 'user3@yourdomain.com', 'First3', 'Last3', 'OK', '901 San Antonio Road', 'MS UCUP02-206', 'Palo Alto', 'CA', '94303', 'USA', '555-555-555003'),
('user4', 'user4@yourdomain.com', 'First4', 'Last4', 'OK', '901 San Antonio Road', 'MS UCUP02-206', 'Palo Alto', 'CA', '94303', 'USA', '555-555-555004'),
('user5', 'user5@yourdomain.com', 'First5', 'Last5', 'OK', '901 San Antonio Road', 'MS UCUP02-206', 'Palo Alto', 'CA', '94303', 'USA', '555-555-555005'),
('user6', 'user6@yourdomain.com', 'First6', 'Last6', 'OK', '901 San Antonio Road', 'MS UCUP02-206', 'Palo Alto', 'CA', '94303', 'USA', '555-555-555006'),
('user7', 'user7@yourdomain.com', 'First7', 'Last7', 'OK', '901 San Antonio Road', 'MS UCUP02-206', 'Palo Alto', 'CA', '94303', 'USA', '555-555-555007'),
('user8', 'user8@yourdomain.com', 'First8', 'Last8', 'OK', '901 San Antonio Road', 'MS UCUP02-206', 'Palo Alto', 'CA', '94303', 'USA', '555-555-555008'),
('user9', 'user9@yourdomain.com', 'First9', 'Last9', 'OK', '901 San Antonio Road', 'MS UCUP02-206', 'Palo Alto', 'CA', '94303', 'USA', '555-555-555009'),
('user10', 'user10@yourdomain.com', 'First10', 'Last10', 'OK', '901 San Antonio Road', 'MS UCUP02-206', 'Palo Alto', 'CA', '94303', 'USA', '555-555-555010'),
('user11', 'user11@yourdomain.com', 'First11', 'Last11', 'OK', '901 San Antonio Road', 'MS UCUP02-206', 'Palo Alto', 'CA', '94303', 'USA', '555-555-555011'),
('user12', 'user12@yourdomain.com', 'First12', 'Last12', 'OK', '901 San Antonio Road', 'MS UCUP02-206', 'Palo Alto', 'CA', '94303', 'USA', '555-555-555012'),
('user13', 'user13@yourdomain.com', 'First13', 'Last13', 'OK', '901 San Antonio Road', 'MS UCUP02-206', 'Palo Alto', 'CA', '94303', 'USA', '555-555-555013'),
('user14', 'user14@yourdomain.com', 'First14', 'Last14', 'OK', '901 San Antonio Road', 'MS UCUP02-206', 'Palo Alto', 'CA', '94303', 'USA', '555-555-555014'),
('user15', 'user15@yourdomain.com', 'First15', 'Last15', 'OK', '901 San Antonio Road', 'MS UCUP02-206', 'Palo Alto', 'CA', '94303', 'USA', '555-555-555015'),
('user16', 'user16@yourdomain.com', 'First16', 'Last16', 'OK', '901 San Antonio Road', 'MS UCUP02-206', 'Palo Alto', 'CA', '94303', 'USA', '555-555-555016'),
('user17', 'user17@yourdomain.com', 'First17', 'Last17', 'OK', '901 San Antonio Road', 'MS UCUP02-206', 'Palo Alto', 'CA', '94303', 'USA', '555-555-555017'),
('user18', 'user18@yourdomain.com', 'First18', 'Last18', 'OK', '901 San Antonio Road', 'MS UCUP02-206', 'Palo Alto', 'CA', '94303', 'USA', '555-555-555018'),
('user19', 'user19@yourdomain.com', 'First19', 'Last19', 'OK', '901 San Antonio Road', 'MS UCUP02-206', 'Palo Alto', 'CA', '94303', 'USA', '555-555-555019'),
('user20', 'user20@yourdomain.com', 'First20', 'Last20', 'OK', '901 San Antonio Road', 'MS UCUP02-206', 'Palo Alto', 'CA', '94303', 'USA', '555-555-555020'),
('user21', 'user21@yourdomain.com', 'First21', 'Last21', 'OK', '901 San Antonio Road', 'MS UCUP02-206', 'Palo Alto', 'CA', '94303', 'USA', '555-555-555021'),
('user22', 'user22@yourdomain.com', 'First22', 'Last22', 'OK', '901 San Antonio Road', 'MS UCUP02-206', 'Palo Alto', 'CA', '94303', 'USA', '555-555-555022'),
('user23', 'user23@yourdomain.com', 'First23', 'Last23', 'OK', '901 San Antonio Road', 'MS UCUP02-206', 'Palo Alto', 'CA', '94303', 'USA', '555-555-555023'),
('user24', 'user24@yourdomain.com', 'First24', 'Last24', 'OK', '901 San Antonio Road', 'MS UCUP02-206', 'Palo Alto', 'CA', '94303', 'USA', '555-555-555024'),
('user25', 'user25@yourdomain.com', 'First25', 'Last25', 'OK', '901 San Antonio Road', 'MS UCUP02-206', 'Palo Alto', 'CA', '94303', 'USA', '555-555-555025'),
('user26', 'user26@yourdomain.com', 'First26', 'Last26', 'OK', '901 San Antonio Road', 'MS UCUP02-206', 'Palo Alto', 'CA', '94303', 'USA', '555-555-555026'),
('user27', 'user27@yourdomain.com', 'First27', 'Last27', 'OK', '901 San Antonio Road', 'MS UCUP02-206', 'Palo Alto', 'CA', '94303', 'USA', '555-555-555027'),
('user28', 'user28@yourdomain.com', 'First28', 'Last28', 'OK', '901 San Antonio Road', 'MS UCUP02-206', 'Palo Alto', 'CA', '94303', 'USA', '555-555-555028'),
('user29', 'user29@yourdomain.com', 'First29', 'Last29', 'OK', '901 San Antonio Road', 'MS UCUP02-206', 'Palo Alto', 'CA', '94303', 'USA', '555-555-555029'),
('user30', 'user30@yourdomain.com', 'First30', 'Last30', 'OK', '901 San Antonio Road', 'MS UCUP02-206', 'Palo Alto', 'CA', '94303', 'USA', '555-555-555030'),
('user31', 'user31@yourdomain.com', 'First31', 'Last31', 'OK', '901 San Antonio Road', 'MS UCUP02-206', 'Palo Alto', 'CA', '94303', 'USA', '555-555-555031'),
('user32', 'user32@yourdomain.com', 'First32', 'Last32', 'OK', '901 San Antonio Road', 'MS UCUP02-206', 'Palo Alto', 'CA', '94303', 'USA', '555-555-555032'),
('user33', 'user33@yourdomain.com', 'First33', 'Last33', 'OK', '901 San Antonio Road', 'MS UCUP02-206', 'Palo Alto', 'CA', '94303', 'USA', '555-555-555033'),
('user34', 'user34@yourdomain.com', 'First34', 'Last34', 'OK', '901 San Antonio Road', 'MS UCUP02-206', 'Palo Alto', 'CA', '94303', 'USA', '555-555-555034'),
('user35', 'user35@yourdomain.com', 'First35', 'Last35', 'OK', '901 San Antonio Road', 'MS UCUP02-206', 'Palo Alto', 'CA', '94303', 'USA', '555-555-555035'),
('user36', 'user36@yourdomain.com', 'First36', 'Last36', 'OK', '901 San Antonio Road', 'MS UCUP02-206', 'Palo Alto', 'CA', '94303', 'USA', '555-555-555036'),
('user37', 'user37@yourdomain.com', 'First37', 'Last37', 'OK', '901 San Antonio Road', 'MS UCUP02-206', 'Palo Alto', 'CA', '94303', 'USA', '555-555-555037'),
('user38', 'user38@yourdomain.com', 'First38', 'Last38', 'OK', '901 San Antonio Road', 'MS UCUP02-206', 'Palo Alto', 'CA', '94303', 'USA', '555-555-555038'),
('user39', 'user39@yourdomain.com', 'First39', 'Last39', 'OK', '901 San Antonio Road', 'MS UCUP02-206', 'Palo Alto', 'CA', '94303', 'USA', '555-555-555039'),
('user40', 'user40@yourdomain.com', 'First40', 'Last40', 'OK', '901 San Antonio Road', 'MS UCUP02-206', 'Palo Alto', 'CA', '94303', 'USA', '555-555-555040'),
('user41', 'user41@yourdomain.com', 'First41', 'Last41', 'OK', '901 San Antonio Road', 'MS UCUP02-206', 'Palo Alto', 'CA', '94303', 'USA', '555-555-555041'),
('user42', 'user42@yourdomain.com', 'First42', 'Last42', 'OK', '901 San Antonio Road', 'MS UCUP02-206', 'Palo Alto', 'CA', '94303', 'USA', '555-555-555042'),
('user43', 'user43@yourdomain.com', 'First43', 'Last43', 'OK', '901 San Antonio Road', 'MS UCUP02-206', 'Palo Alto', 'CA', '94303', 'USA', '555-555-555043'),
('user44', 'user44@yourdomain.com', 'First44', 'Last44', 'OK', '901 San Antonio Road', 'MS UCUP02-206', 'Palo Alto', 'CA', '94303', 'USA', '555-555-555044'),
('user45', 'user45@yourdomain.com', 'First45', 'Last45', 'OK', '901 San Antonio Road', 'MS UCUP02-206', 'Palo Alto', 'CA', '94303', 'USA', '555-555-555045'),
('user46', 'user46@yourdomain.com', 'First46', 'Last46', 'OK', '901 San Antonio Road', 'MS UCUP02-206', 'Palo Alto', 'CA', '94303', 'USA', '555-555-555046'),
('user47', 'user47@yourdomain.com', 'First47', 'Last47', 'OK', '901 San Antonio Road', 'MS UCUP02-206', 'Palo Alto', 'CA', '94303', 'USA', '555-555-555047'),
('user48', 'user48@yourdomain.com', 'First48', 'Last48', 'OK', '901 San Antonio Road', 'MS UCUP02-206', 'Palo Alto', 'CA', '94303', 'USA', '555-555-555048'),
('user49', 'user49@yourdomain.com', 'First49', 'Last49', 'OK', '901 San Antonio Road', 'MS UCUP02-206', 'Palo Alto', 'CA', '94303', 'USA', '555-555-555049'),
('user50', 'user50@yourdomain.com', 'First50', 'Last50', 'OK', '901 San Antonio Road', 'MS UCUP02-206', 'Palo Alto', 'CA', '94303', 'USA', '555-555-555050'),
('user51', 'user51@yourdomain.com', 'First51', 'Last51', 'OK', '901 San Antonio Road', 'MS UCUP02-206', 'Palo Alto', 'CA', '94303', 'USA', '555-555-555051'),
('user52', 'user52@yourdomain.com', 'First52', 'Last52', 'OK', '901 San Antonio Road', 'MS UCUP02-206', 'Palo Alto', 'CA', '94303', 'USA', '555-555-555052'),
('user53', 'user53@yourdomain.com', 'First53', 'Last53', 'OK', '901 San Antonio Road', 'MS UCUP02-206', 'Palo Alto', 'CA', '94303', 'USA', '555-555-555053'),
('user54', 'user54@yourdomain.com', 'First54', 'Last54', 'OK', '901 San Antonio Road', 'MS UCUP02-206', 'Palo Alto', 'CA', '94303', 'USA', '555-555-555054'),
('user55', 'user55@yourdomain.com', 'First55', 'Last55', 'OK', '901 San Antonio Road', 'MS UCUP02-206', 'Palo Alto', 'CA', '94303', 'USA', '555-555-555055'),
('user56', 'user56@yourdomain.com', 'First56', 'Last56', 'OK', '901 San Antonio Road', 'MS UCUP02-206', 'Palo Alto', 'CA', '94303', 'USA', '555-555-555056'),
('user57', 'user57@yourdomain.com', 'First57', 'Last57', 'OK', '901 San Antonio Road', 'MS UCUP02-206', 'Palo Alto', 'CA', '94303', 'USA', '555-555-555057'),
('user58', 'user58@yourdomain.com', 'First58', 'Last58', 'OK', '901 San Antonio Road', 'MS UCUP02-206', 'Palo Alto', 'CA', '94303', 'USA', '555-555-555058'),
('user59', 'user59@yourdomain.com', 'First59', 'Last59', 'OK', '901 San Antonio Road', 'MS UCUP02-206', 'Palo Alto', 'CA', '94303', 'USA', '555-555-555059'),
('user60', 'user60@yourdomain.com', 'First60', 'Last60', 'OK', '901 San Antonio Road', 'MS UCUP02-206', 'Palo Alto', 'CA', '94303', 'USA', '555-555-555060'),
('user61', 'user61@yourdomain.com', 'First61', 'Last61', 'OK', '901 San Antonio Road', 'MS UCUP02-206', 'Palo Alto', 'CA', '94303', 'USA', '555-555-555061'),
('user62', 'user62@yourdomain.com', 'First62', 'Last62', 'OK', '901 San Antonio Road', 'MS UCUP02-206', 'Palo Alto', 'CA', '94303', 'USA', '555-555-555062'),
('user63', 'user63@yourdomain.com', 'First63', 'Last63', 'OK', '901 San Antonio Road', 'MS UCUP02-206', 'Palo Alto', 'CA', '94303', 'USA', '555-555-555063'),
('user64', 'user64@yourdomain.com', 'First64', 'Last64', 'OK', '901 San Antonio Road', 'MS UCUP02-206', 'Palo Alto', 'CA', '94303', 'USA', '555-555-555064'),
('user65', 'user65@yourdomain.com', 'First65', 'Last65', 'OK', '901 San Antonio Road', 'MS UCUP02-206', 'Palo Alto', 'CA', '94303', 'USA', '555-555-555065'),
('user66', 'user66@yourdomain.com', 'First66', 'Last66', 'OK', '901 San Antonio Road', 'MS UCUP02-206', 'Palo Alto', 'CA', '94303', 'USA', '555-555-555066'),
('user67', 'user67@yourdomain.com', 'First67', 'Last67', 'OK', '901 San Antonio Road', 'MS UCUP02-206', 'Palo Alto', 'CA', '94303', 'USA', '555-555-555067'),
('user68', 'user68@yourdomain.com', 'First68', 'Last68', 'OK', '901 San Antonio Road', 'MS UCUP02-206', 'Palo Alto', 'CA', '94303', 'USA', '555-555-555068'),
('user69', 'user69@yourdomain.com', 'First69', 'Last69', 'OK', '901 San Antonio Road', 'MS UCUP02-206', 'Palo Alto', 'CA', '94303', 'USA', '555-555-555069'),
('user70', 'user70@yourdomain.com', 'First70', 'Last70', 'OK', '901 San Antonio Road', 'MS UCUP02-206', 'Palo Alto', 'CA', '94303', 'USA', '555-555-555070'),
('user71', 'user71@yourdomain.com', 'First71', 'Last71', 'OK', '901 San Antonio Road', 'MS UCUP02-206', 'Palo Alto', 'CA', '94303', 'USA', '555-555-555071'),
('user72', 'user72@yourdomain.com', 'First72', 'Last72', 'OK', '901 San Antonio Road', 'MS UCUP02-206', 'Palo Alto', 'CA', '94303', 'USA', '555-555-555072'),
('user73', 'user73@yourdomain.com', 'First73', 'Last73', 'OK', '901 San Antonio Road', 'MS UCUP02-206', 'Palo Alto', 'CA', '94303', 'USA', '555-555-555073'),
('user74', 'user74@yourdomain.com', 'First74', 'Last74', 'OK', '901 San Antonio Road', 'MS UCUP02-206', 'Palo Alto', 'CA', '94303', 'USA', '555-555-555074'),
('user75', 'user75@yourdomain.com', 'First75', 'Last75', 'OK', '901 San Antonio Road', 'MS UCUP02-206', 'Palo Alto', 'CA', '94303', 'USA', '555-555-555075'),
('user76', 'user76@yourdomain.com', 'First76', 'Last76', 'OK', '901 San Antonio Road', 'MS UCUP02-206', 'Palo Alto', 'CA', '94303', 'USA', '555-555-555076'),
('user77', 'user77@yourdomain.com', 'First77', 'Last77', 'OK', '901 San Antonio Road', 'MS UCUP02-206', 'Palo Alto', 'CA', '94303', 'USA', '555-555-555077'),
('user78', 'user78@yourdomain.com', 'First78', 'Last78', 'OK', '901 San Antonio Road', 'MS UCUP02-206', 'Palo Alto', 'CA', '94303', 'USA', '555-555-555078'),
('user79', 'user79@yourdomain.com', 'First79', 'Last79', 'OK', '901 San Antonio Road', 'MS UCUP02-206', 'Palo Alto', 'CA', '94303', 'USA', '555-555-555079'),
('user80', 'user80@yourdomain.com', 'First80', 'Last80', 'OK', '901 San Antonio Road', 'MS UCUP02-206', 'Palo Alto', 'CA', '94303', 'USA', '555-555-555080'),
('user81', 'user81@yourdomain.com', 'First81', 'Last81', 'OK', '901 San Antonio Road', 'MS UCUP02-206', 'Palo Alto', 'CA', '94303', 'USA', '555-555-555081'),
('user82', 'user82@yourdomain.com', 'First82', 'Last82', 'OK', '901 San Antonio Road', 'MS UCUP02-206', 'Palo Alto', 'CA', '94303', 'USA', '555-555-555082'),
('user83', 'user83@yourdomain.com', 'First83', 'Last83', 'OK', '901 San Antonio Road', 'MS UCUP02-206', 'Palo Alto', 'CA', '94303', 'USA', '555-555-555083'),
('user84', 'user84@yourdomain.com', 'First84', 'Last84', 'OK', '901 San Antonio Road', 'MS UCUP02-206', 'Palo Alto', 'CA', '94303', 'USA', '555-555-555084'),
('user85', 'user85@yourdomain.com', 'First85', 'Last85', 'OK', '901 San Antonio Road', 'MS UCUP02-206', 'Palo Alto', 'CA', '94303', 'USA', '555-555-555085'),
('user86', 'user86@yourdomain.com', 'First86', 'Last86', 'OK', '901 San Antonio Road', 'MS UCUP02-206', 'Palo Alto', 'CA', '94303', 'USA', '555-555-555086'),
('user87', 'user87@yourdomain.com', 'First87', 'Last87', 'OK', '901 San Antonio Road', 'MS UCUP02-206', 'Palo Alto', 'CA', '94303', 'USA', '555-555-555087'),
('user88', 'user88@yourdomain.com', 'First88', 'Last88', 'OK', '901 San Antonio Road', 'MS UCUP02-206', 'Palo Alto', 'CA', '94303', 'USA', '555-555-555088'),
('user89', 'user89@yourdomain.com', 'First89', 'Last89', 'OK', '901 San Antonio Road', 'MS UCUP02-206', 'Palo Alto', 'CA', '94303', 'USA', '555-555-555089'),
('user90', 'user90@yourdomain.com', 'First90', 'Last90', 'OK', '901 San Antonio Road', 'MS UCUP02-206', 'Palo Alto', 'CA', '94303', 'USA', '555-555-555090'),
('user91', 'user91@yourdomain.com', 'First91', 'Last91', 'OK', '901 San Antonio Road', 'MS UCUP02-206', 'Palo Alto', 'CA', '94303', 'USA', '555-555-555091'),
('user92', 'user92@yourdomain.com', 'First92', 'Last92', 'OK', '901 San Antonio Road', 'MS UCUP02-206', 'Palo Alto', 'CA', '94303', 'USA', '555-555-555092'),
('user93', 'user93@yourdomain.com', 'First93', 'Last93', 'OK', '901 San Antonio Road', 'MS UCUP02-206', 'Palo Alto', 'CA', '94303', 'USA', '555-555-555093'),
('user94', 'user94@yourdomain.com', 'First94', 'Last94', 'OK', '901 San Antonio Road', 'MS UCUP02-206', 'Palo Alto', 'CA', '94303', 'USA', '555-555-555094'),
('user95', 'user95@yourdomain.com', 'First95', 'Last95', 'OK', '901 San Antonio Road', 'MS UCUP02-206', 'Palo Alto', 'CA', '94303', 'USA', '555-555-555095'),
('user96', 'user96@yourdomain.com', 'First96', 'Last96', 'OK', '901 San Antonio Road', 'MS UCUP02-206', 'Palo Alto', 'CA', '94303', 'USA', '555-555-555096'),
('user97', 'user97@yourdomain.com', 'First97', 'Last97', 'OK', '901 San Antonio Road', 'MS UCUP02-206', 'Palo Alto', 'CA', '94303', 'USA', '555-555-555097'),
('user98', 'user98@yourdomain.com', 'First98', 'Last98', 'OK', '901 San Antonio Road', 'MS UCUP02-206', 'Palo Alto', 'CA', '94303', 'USA', '555-555-555098'),
('user99', 'user99@yourdomain.com', 'First99', 'Last99', 'OK', '901 San Antonio Road', 'MS UCUP02-206', 'Palo Alto', 'CA', '94303', 'USA', '555-555-555099'),
('user100', 'user100@yourdomain.com', 'First100', 'Last100', 'OK', '901 San Antonio Road', 'MS UCUP02-206', 'Palo Alto', 'CA', '94303', 'USA', '555-555-555100');

INSERT INTO PROFILE  VALUES
('user3', 'english', 'DOGS', 1, 1),
('user4', 'english', 'CATS', 1, 1),
('user5', 'english', 'DOGS', 1, 1),
('user6', 'english', 'CATS', 1, 1),
('user7', 'english', 'DOGS', 1, 1),
('user8', 'english', 'CATS', 1, 1),
('user9', 'english', 'DOGS', 1, 1),
('user10', 'english', 'CATS', 1, 1),
('user11', 'english', 'DOGS', 1, 1),
('user12', 'english', 'CATS', 1, 1),
('user13', 'english', 'DOGS', 1, 1),
('user14', 'english', 'CATS', 1, 1),
('user15', 'english', 'DOGS', 1, 1),
('user16', 'english', 'CATS', 1, 1),
('user17', 'english', 'DOGS', 1, 1),
('user18', 'english', 'CATS', 1, 1),
('user19', 'english', 'DOGS', 1, 1),
('user20', 'english', 'CATS', 1, 1),
('user21', 'english', 'DOGS', 1, 1),
('user22', 'english', 'CATS', 1, 1),
('user23', 'english', 'DOGS', 1, 1),
('user24', 'english', 'CATS', 1, 1),
('user25', 'english', 'DOGS', 1, 1),
('user26', 'english', 'CATS', 1, 1),
('user27', 'english', 'DOGS', 1, 1),
('user28', 'english', 'CATS', 1, 1),
('user29', 'english', 'DOGS', 1, 1),
('user30', 'english', 'CATS', 1, 1),
('user31', 'english', 'DOGS', 1, 1),
('user32', 'english', 'CATS', 1, 1),
('user33', 'english', 'DOGS', 1, 1),
('user34', 'english', 'CATS', 1, 1),
('user35', 'english', 'DOGS', 1, 1),
('user36', 'english', 'CATS', 1, 1),
('user37', 'english', 'DOGS', 1, 1),
('user38', 'english', 'CATS', 1, 1),
('user39', 'english', 'DOGS', 1, 1),
('user40', 'english', 'CATS', 1, 1),
('user41', 'english', 'DOGS', 1, 1),
('user42', 'english', 'CATS', 1, 1),
('user43', 'english', 'DOGS', 1, 1),
('user44', 'english', 'CATS', 1, 1),
('user45', 'english', 'DOGS', 1, 1),
('user46', 'english', 'CATS', 1, 1),
('user47', 'english', 'DOGS', 1, 1),
('user48', 'english', 'CATS', 1, 1),
('user49', 'english', 'DOGS', 1, 1),
('user50', 'english', 'CATS', 1, 1),
('user51', 'english', 'DOGS', 1, 1),
('user52', 'english', 'CATS', 1, 1),
('user53', 'english', 'DOGS', 1, 1),
('user54', 'english', 'CATS', 1, 1),
('user55', 'english', 'DOGS', 1, 1),
('user56', 'english', 'CATS', 1, 1),
('user57', 'english', 'DOGS', 1, 1),
('user58', 'english', 'CATS', 1, 1),
('user59', 'english', 'DOGS', 1, 1),
('user60', 'english', 'CATS', 1, 1),
('user61', 'english', 'DOGS', 1, 1),
('user62', 'english', 'CATS', 1, 1),
('user63', 'english', 'DOGS', 1, 1),
('user64', 'english', 'CATS', 1, 1),
('user65', 'english', 'DOGS', 1, 1),
('user66', 'english', 'CATS', 1, 1),
('user67', 'english', 'DOGS', 1, 1),
('user68', 'english', 'CATS', 1, 1),
('user69', 'english', 'DOGS', 1, 1),
('user70', 'english', 'CATS', 1, 1),
('user71', 'english', 'DOGS', 1, 1),
('user72', 'english', 'CATS', 1, 1),
('user73', 'english', 'DOGS', 1, 1),
('user74', 'english', 'CATS', 1, 1),
('user75', 'english', 'DOGS', 1, 1),
('user76', 'english', 'CATS', 1, 1),
('user77', 'english', 'DOGS', 1, 1),
('user78', 'english', 'CATS', 1, 1),
('user79', 'english', 'DOGS', 1, 1),
('user80', 'english', 'CATS', 1, 1),
('user81', 'english', 'DOGS', 1, 1),
('user82', 'english', 'CATS', 1, 1),
('user83', 'english', 'DOGS', 1, 1),
('user84', 'english', 'CATS', 1, 1),
('user85', 'english', 'DOGS', 1, 1),
('user86', 'english', 'CATS', 1, 1),
('user87', 'english', 'DOGS', 1, 1),
('user88', 'english', 'CATS', 1, 1),
('user89', 'english', 'DOGS', 1, 1),
('user90', 'english', 'CATS', 1, 1),
('user91', 'english', 'DOGS', 1, 1),
('user92', 'english', 'CATS', 1, 1),
('user93', 'english', 'DOGS', 1, 1),
('user94', 'english', 'CATS', 1, 1),
('user95', 'english', 'DOGS', 1, 1),
('user96', 'english', 'CATS', 1, 1),
('user97', 'english', 'DOGS', 1, 1),
('user98', 'english', 'CATS', 1, 1),
('user99', 'english', 'DOGS', 1, 1),
('user100', 'english', 'CATS', 1, 1);

COMMIT;
